

-- ───────────── PUBLISHER (new rows) ─────────────
INSERT INTO PUBLISHER VALUES (6, 'Penguin Random House', '1745 Broadway, New York', '1-2125551212', 'info@penguinrandomhouse.com', NULL, DATE '1927-07-01');
INSERT INTO PUBLISHER VALUES (7, 'Ekushey Books', 'Mirpur, Dhaka', '02-9000001', 'hello@ekusheybooks.com', NULL, DATE '1998-02-21');
INSERT INTO PUBLISHER VALUES (8, 'DC Books', 'Kottayam, India', '0481-2556789', 'contact@dcbooks.com', NULL, DATE '1974-01-01');
INSERT INTO PUBLISHER VALUES (9, 'Vintage Books', '20 Vauxhall Bridge Rd, London', '44-2075025000', 'info@vintagebooks.com', NULL, DATE '1954-01-01');
INSERT INTO PUBLISHER VALUES (10, 'Rupa Publications', 'Kolkata, India', '033-40060000', 'info@rupapublications.com', NULL, DATE '1980-01-01');
INSERT INTO PUBLISHER VALUES (11, 'Macmillan', '120 Broadway, New York', '1-212-532-3232', 'info@macmillan.com', NULL, DATE '1843-01-01');
INSERT INTO PUBLISHER VALUES (12, 'Bloomsbury India', 'New Delhi, India', '011-61234567', 'contact@bloomsburyindia.com', NULL, DATE '2007-01-01');
INSERT INTO PUBLISHER VALUES (13, 'Scribner', '1230 Avenue of the Americas, New York', '1-212-555-1212', 'info@scribner.com', NULL, DATE '1846-01-01');
INSERT INTO PUBLISHER VALUES (14, 'Oxford University Press', 'Great Clarendon St, Oxford', '44-1865-556767', 'contact@oup.com', NULL, DATE '1586-01-01');
INSERT INTO PUBLISHER VALUES (15, 'Cambridge University Press', 'University Printing House, Cambridge', '44-1223-312393', 'contact@cambridge.org', NULL, DATE '1534-01-01');

-- ───────────── AUTHOR (new rows) ─────────────
INSERT INTO AUTHOR VALUES (6, 'Rabindranath Tagore', 'Nobel laureate poet, novelist and composer.', DATE '1861-05-07', 'Bangladesh', NULL);
INSERT INTO AUTHOR VALUES (7, 'Taslima Nasrin', 'Writer and activist known for feminist works.', DATE '1962-08-25', 'Bangladesh', NULL);
INSERT INTO AUTHOR VALUES (8, 'George R. R. Martin', 'American novelist famous for A Song of Ice and Fire.', DATE '1948-09-20', 'United States', NULL);
INSERT INTO AUTHOR VALUES (9, 'C.S. Lewis', 'British author of The Chronicles of Narnia series.', DATE '1898-11-29', 'United Kingdom', NULL);
INSERT INTO AUTHOR VALUES (10, 'Bibhutibhushan Bandyopadhyay', 'Classical Bengali novelist and short-story writer.', DATE '1894-09-12', 'India', NULL);
INSERT INTO AUTHOR VALUES (11, 'Satyajit Ray', 'Filmmaker and fiction writer, creator of Feluda.', DATE '1921-05-02', 'India', NULL);
INSERT INTO AUTHOR VALUES (12, 'Kazi Nazrul Islam', 'National poet of Bangladesh, revolutionary writer.', DATE '1899-05-25', 'Bangladesh', NULL);
INSERT INTO AUTHOR VALUES (13, 'J.R.R. Tolkien', 'English author of The Lord of the Rings.', DATE '1892-01-03', 'United Kingdom', NULL);
INSERT INTO AUTHOR VALUES (14, 'Anisul Hoque', 'Popular contemporary Bangla novelist and journalist.', DATE '1965-11-04', 'Bangladesh', NULL);
INSERT INTO AUTHOR VALUES (15, 'Sunil Gangopadhyay', 'Renowned Bengali poet and novelist.', DATE '1934-09-07', 'India', NULL);
INSERT INTO AUTHOR VALUES (16, 'George Orwell', 'English novelist and critic, author of 1984 and Animal Farm.', DATE '1903-06-25', 'United Kingdom', NULL);
INSERT INTO AUTHOR VALUES (17, 'Jane Austen', 'English novelist known for romantic fiction.', DATE '1775-12-16', 'United Kingdom', NULL);
INSERT INTO AUTHOR VALUES (18, 'Mark Twain', 'American humorist and author of The Adventures of Tom Sawyer.', DATE '1835-11-30', 'United States', NULL);
INSERT INTO AUTHOR VALUES (19, 'Charles Dickens', 'English writer and social critic, known for Dickensian novels.', DATE '1812-02-07', 'United Kingdom', NULL);
INSERT INTO AUTHOR VALUES (20, 'Ernest Hemingway', 'American novelist and short-story writer.', DATE '1899-07-21', 'United States', NULL);
INSERT INTO AUTHOR VALUES (21, 'Leo Tolstoy', 'Russian author of War and Peace and Anna Karenina.', DATE '1828-09-09', 'Russia', NULL);
INSERT INTO AUTHOR VALUES (22, 'Fyodor Dostoevsky', 'Russian novelist, author of Crime and Punishment.', DATE '1821-11-11', 'Russia', NULL);
INSERT INTO AUTHOR VALUES (23, 'Harper Lee', 'American novelist best known for To Kill a Mockingbird.', DATE '1926-04-28', 'United States', NULL);
INSERT INTO AUTHOR VALUES (24, 'Gabriel Garcia Marquez', 'Colombian novelist and Nobel laureate.', DATE '1927-03-06', 'Colombia', NULL);
INSERT INTO AUTHOR VALUES (25, 'Chinua Achebe', 'Nigerian novelist and author of Things Fall Apart.', DATE '1930-11-16', 'Nigeria', NULL);
INSERT INTO AUTHOR VALUES (26, 'Margaret Atwood', 'Canadian poet, novelist, and literary critic.', DATE '1939-11-18', 'Canada', NULL);
INSERT INTO AUTHOR VALUES (27, 'Agatha Christie', 'English crime novelist and playwright.', DATE '1890-09-15', 'United Kingdom', NULL);
INSERT INTO AUTHOR VALUES (28, 'Dan Brown', 'American author of thriller novels.', DATE '1964-06-22', 'United States', NULL);
INSERT INTO AUTHOR VALUES (29, 'Jhumpa Lahiri', 'Indian American author of fiction and essays.', DATE '1967-07-11', 'United States', NULL);
INSERT INTO AUTHOR VALUES (30, 'Khaled Hosseini', 'Afghan American novelist and physician.', DATE '1965-03-04', 'United States', NULL);
INSERT INTO AUTHOR VALUES (31, 'Vikram Seth', 'Indian novelist and poet.', DATE '1952-06-20', 'India', NULL);
INSERT INTO AUTHOR VALUES (32, 'Arundhati Roy', 'Indian author and political activist.', DATE '1961-11-24', 'India', NULL);
INSERT INTO AUTHOR VALUES (33, 'Sukumar Ray', 'Bengali writer, poet and humourist.', DATE '1887-10-30', 'India', NULL);
INSERT INTO AUTHOR VALUES (34, 'Yasmin Haque', 'Contemporary Bangla fiction writer.', DATE '1978-03-18', 'Bangladesh', NULL);
INSERT INTO AUTHOR VALUES (35, 'Rohinton Mistry', 'Indian Canadian author of fine literary fiction.', DATE '1952-07-03', 'Canada', NULL);
INSERT INTO AUTHOR VALUES (36, 'Nabaneeta Dev Sen', 'Bengali poet and novelist.', DATE '1938-01-13', 'India', NULL);
INSERT INTO AUTHOR VALUES (37, 'Sunil Kumar Choudhury', 'Modern Bengali short-story writer.', DATE '1970-05-12', 'Bangladesh', NULL);
INSERT INTO AUTHOR VALUES (38, 'F. Scott Fitzgerald', 'American novelist and short story writer.', DATE '1896-09-24', 'United States', NULL);
INSERT INTO AUTHOR VALUES (39, 'Dan Simmons', 'American author of science fiction and horror.', DATE '1948-04-04', 'United States', NULL);
INSERT INTO AUTHOR VALUES (40, 'Rumi', '13th-century Persian poet and Sufi mystic.', DATE '1207-09-30', 'Persia', NULL);
INSERT INTO AUTHOR VALUES (41, 'Malala Yousafzai', 'Pakistani activist and author.', DATE '1997-07-12', 'Pakistan', NULL);
INSERT INTO AUTHOR VALUES (42, 'Amitav Ghosh', 'Indian author of historical fiction.', DATE '1956-07-11', 'India', NULL);
INSERT INTO AUTHOR VALUES (43, 'Tuhin Sarker', 'Popular Bangla humor and short story writer.', DATE '1976-08-07', 'Bangladesh', NULL);
INSERT INTO AUTHOR VALUES (44, 'Muhammed Zafar Iqbal', 'Bangladeshi science fiction writer and academic.', DATE '1952-12-23', 'Bangladesh', NULL);
INSERT INTO AUTHOR VALUES (45, 'Nirad C. Chaudhuri', 'Essayist and cultural historian.', DATE '1897-11-23', 'India', NULL);
INSERT INTO AUTHOR VALUES (46, 'Razia Khan', 'Bangladeshi poet and fiction writer.', DATE '1936-08-02', 'Bangladesh', NULL);
INSERT INTO AUTHOR VALUES (47, 'Paritosh Sen', 'Bengali novelist and playwright.', DATE '1960-01-15', 'Bangladesh', NULL);
INSERT INTO AUTHOR VALUES (48, 'Kamal Kumar Majumdar', 'Bengali writer of philosophical novels.', DATE '1914-08-24', 'India', NULL);
INSERT INTO AUTHOR VALUES (49, 'Ahsan Habib', 'Bangla poet and writer.', DATE '1917-02-14', 'Bangladesh', NULL);
INSERT INTO AUTHOR VALUES (50, 'Sunil Bandyopadhyay', 'Bangla novelist and essayist.', DATE '1940-03-17', 'India', NULL);
INSERT INTO AUTHOR VALUES (51, 'Aravind Adiga', 'Indian author of The White Tiger.', DATE '1974-10-23', 'India', NULL);
INSERT INTO AUTHOR VALUES (52, 'Anita Desai', 'Indian novelist and short story writer.', DATE '1937-06-24', 'India', NULL);
INSERT INTO AUTHOR VALUES (53, 'R.K. Narayan', 'Indian author known for Malgudi Days.', DATE '1906-10-10', 'India', NULL);
INSERT INTO AUTHOR VALUES (54, 'Ruskin Bond', 'Indian author of young adult fiction and novellas.', DATE '1934-05-19', 'India', NULL);
INSERT INTO AUTHOR VALUES (55, 'Nobel Laureate Toni Morrison', 'American novelist and essayist.', DATE '1931-02-18', 'United States', NULL);
INSERT INTO AUTHOR VALUES (56, 'Stephen King', 'American author of horror and supernatural fiction.', DATE '1947-09-21', 'United States', NULL);
INSERT INTO AUTHOR VALUES (57, 'Neil Gaiman', 'English author of fantasy novels and comics.', DATE '1960-11-10', 'United Kingdom', NULL);
INSERT INTO AUTHOR VALUES (58, 'Paulo Coelho', 'Brazilian novelist, author of The Alchemist', DATE '1947-08-24', 'Brazil', NULL);
INSERT INTO AUTHOR VALUES (59, 'J.K. Rowling', 'British author, best known for Harry Potter series', DATE '1965-07-31', 'United Kingdom', NULL);
INSERT INTO AUTHOR VALUES (60, 'Humayun Ahmed', 'Legendary Bangladeshi novelist and dramatist', DATE '1948-11-13', 'Bangladesh', NULL);
INSERT INTO AUTHOR VALUES (61, 'Humayun Azad', 'Poet, novelist, and linguist', DATE '1947-04-28', 'Bangladesh', NULL);
INSERT INTO AUTHOR VALUES (62, 'Muhammed Zafar Iqbal', 'Bangladeshi science fiction writer and academic', DATE '1952-12-23', 'Bangladesh', NULL);
INSERT INTO AUTHOR VALUES (63, 'Anisul Hoque', 'Popular contemporary Bangla novelist and journalist.', DATE '1965-11-04', 'Bangladesh', NULL);
INSERT INTO AUTHOR VALUES (64, 'Sunil Gangopadhyay', 'Renowned Bengali poet and novelist.', DATE '1934-09-07', 'India', NULL);
INSERT INTO AUTHOR VALUES (65, 'Kazi Nazrul Islam', 'National poet of Bangladesh, revolutionary writer.', DATE '1899-05-25', 'Bangladesh', NULL);

-- ───────────── BOOK (more rows) ─────────────
INSERT INTO BOOK VALUES (11, 6, 6, 'The Great Gatsby', '9780743273565', 620.00, 18, 180, 'English', NULL, 4.5, 0);
INSERT INTO BOOK VALUES (12, 7, 7, 'Lajja', '9789844010073', 320.00, 30, 240, 'Bangla', NULL, 4.4, 0);
INSERT INTO BOOK VALUES (13, 8, 8, 'The Hobbit', '9780547928227', 720.00, 22, 310, 'English', NULL, 4.7, 0);
INSERT INTO BOOK VALUES (14, 9, 3, 'Harry Potter and the Prisoner of Azkaban', '9780439136365', 850.00, 16, 317, 'English', NULL, 4.9, 0);
INSERT INTO BOOK VALUES (15, 10, 6, 'Pather Panchali', '9789844010134', 380.00, 20, 330, 'Bangla', NULL, 4.6, 0);
INSERT INTO BOOK VALUES (16, 11, 6, 'Feluda Samagra', '9780143038810', 650.00, 26, 412, 'English', NULL, 4.5, 0);
INSERT INTO BOOK VALUES (17, 12, 7, 'Bidrohi', '9789844010141', 290.00, 24, 220, 'Bangla', NULL, 4.8, 0);
INSERT INTO BOOK VALUES (18, 13, 6, 'The Da Vinci Code', '9780307474278', 760.00, 18, 489, 'English', NULL, 4.2, 0);
INSERT INTO BOOK VALUES (19, 14, 7, 'Meyer Upakhyan', '9789844010158', 330.00, 19, 260, 'Bangla', NULL, 4.3, 0);
INSERT INTO BOOK VALUES (20, 15, 8, 'Sei Somoy', '9780143037516', 540.00, 21, 312, 'Bangla', NULL, 4.4, 0);
INSERT INTO BOOK VALUES (21, 59, 13, 'Harry Potter and the Goblet of Fire', '9780439139601', 900.00, 15, 636, 'English', NULL, 4.8, 0);
INSERT INTO BOOK VALUES (22, 58, 11, 'The Alchemist', '9780062315007', 550.00, 35, 197, 'English', NULL, 4.6, 0);
INSERT INTO BOOK VALUES (23, 13, 6, 'The Fellowship of the Ring', '9780547928210', 980.00, 12, 423, 'English', NULL, 4.9, 0);
INSERT INTO BOOK VALUES (24, 60, 7, 'Cinheder Alo', '9789844010165', 360.00, 20, 296, 'Bangla', NULL, 4.3, 0);
INSERT INTO BOOK VALUES (25, 62, 8, 'Tumpa''r Golpo', '9789844010110', 280.00, 26, 170, 'Bangla', NULL, 4.1, 0);
INSERT INTO BOOK VALUES (26, 9, 6, 'The Lion, the Witch and the Wardrobe', '9780064471046', 740.00, 16, 208, 'English', NULL, 4.7, 0);
INSERT INTO BOOK VALUES (27, 17, 10, 'Pride and Prejudice', '9780141199078', 690.00, 14, 279, 'English', NULL, 4.8, 0);
INSERT INTO BOOK VALUES (28, 61, 7, 'Amar Bondhu Rashed O Onyanno Golpo', '9789844010127', 300.00, 23, 220, 'Bangla', NULL, 4.3, 0);
INSERT INTO BOOK VALUES (29, 16, 9, '1984', '9780451524935', 660.00, 20, 328, 'English', NULL, 4.7, 0);
INSERT INTO BOOK VALUES (30, 16, 9, 'Animal Farm', '9780451526342', 560.00, 22, 112, 'English', NULL, 4.6, 0);
INSERT INTO BOOK VALUES (31, 17, 10, 'Emma', '9780141199528', 620.00, 18, 474, 'English', NULL, 4.5, 0);
INSERT INTO BOOK VALUES (32, 17, 10, 'Sense and Sensibility', '9780141439662', 590.00, 20, 409, 'English', NULL, 4.4, 0);
INSERT INTO BOOK VALUES (33, 18, 11, 'The Adventures of Tom Sawyer', '9780143039565', 640.00, 24, 274, 'English', NULL, 4.5, 0);
INSERT INTO BOOK VALUES (34, 18, 11, 'Adventures of Huckleberry Finn', '9780142437179', 670.00, 20, 366, 'English', NULL, 4.6, 0);
INSERT INTO BOOK VALUES (35, 19, 9, 'Great Expectations', '9780141439563', 700.00, 15, 544, 'English', NULL, 4.4, 0);
INSERT INTO BOOK VALUES (36, 19, 9, 'A Tale of Two Cities', '9780141439600', 680.00, 17, 448, 'English', NULL, 4.5, 0);
INSERT INTO BOOK VALUES (37, 20, 13, 'The Old Man and the Sea', '9780684801223', 580.00, 30, 127, 'English', NULL, 4.3, 0);
INSERT INTO BOOK VALUES (38, 20, 13, 'For Whom the Bell Tolls', '9780684803357', 750.00, 16, 480, 'English', NULL, 4.4, 0);
INSERT INTO BOOK VALUES (39, 21, 14, 'War and Peace', '9780199232765', 1250.00, 10, 1296, 'English', NULL, 4.9, 0);
INSERT INTO BOOK VALUES (40, 21, 14, 'Anna Karenina', '9780140449174', 980.00, 12, 864, 'English', NULL, 4.7, 0);
INSERT INTO BOOK VALUES (41, 22, 14, 'Crime and Punishment', '9780140449136', 780.00, 14, 671, 'English', NULL, 4.8, 0);
INSERT INTO BOOK VALUES (42, 22, 14, 'The Brothers Karamazov', '9780140449242', 910.00, 12, 824, 'English', NULL, 4.8, 0);
INSERT INTO BOOK VALUES (43, 23, 13, 'To Kill a Mockingbird', '9780060935467', 760.00, 18, 324, 'English', NULL, 4.9, 0);
INSERT INTO BOOK VALUES (44, 24, 9, 'One Hundred Years of Solitude', '9780060883287', 880.00, 12, 417, 'English', NULL, 4.9, 0);
INSERT INTO BOOK VALUES (45, 25, 11, 'Things Fall Apart', '9780385474542', 640.00, 16, 209, 'English', NULL, 4.7, 0);
INSERT INTO BOOK VALUES (46, 26, 13, 'The Handmaid''s Tale', '9780385490818', 720.00, 16, 311, 'English', NULL, 4.5, 0);
INSERT INTO BOOK VALUES (47, 27, 9, 'Murder on the Orient Express', '9780062073501', 620.00, 20, 256, 'English', NULL, 4.6, 0);
INSERT INTO BOOK VALUES (48, 27, 9, 'And Then There Were None', '9780062073488', 640.00, 18, 272, 'English', NULL, 4.8, 0);
INSERT INTO BOOK VALUES (49, 28, 11, 'Inferno', '9780385537858', 780.00, 16, 480, 'English', NULL, 4.3, 0);
INSERT INTO BOOK VALUES (50, 28, 11, 'The Lost Symbol', '9780385504225', 760.00, 15, 509, 'English', NULL, 4.2, 0);
INSERT INTO BOOK VALUES (51, 29, 12, 'Interpreter of Maladies', '9780395927205', 620.00, 18, 198, 'English', NULL, 4.5, 0);
INSERT INTO BOOK VALUES (52, 29, 12, 'The Namesake', '9780395927205', 680.00, 15, 291, 'English', NULL, 4.4, 0);
INSERT INTO BOOK VALUES (53, 30, 11, 'The Kite Runner', '9781594631931', 700.00, 20, 371, 'English', NULL, 4.7, 0);
INSERT INTO BOOK VALUES (54, 30, 11, 'A Thousand Splendid Suns', '9781594483851', 720.00, 18, 372, 'English', NULL, 4.8, 0);
INSERT INTO BOOK VALUES (55, 31, 12, 'A Suitable Boy', '9780143039569', 950.00, 12, 1474, 'English', NULL, 4.4, 0);
INSERT INTO BOOK VALUES (56, 31, 12, 'An Equal Music', '9780140284471', 650.00, 18, 432, 'English', NULL, 4.2, 0);
INSERT INTO BOOK VALUES (57, 32, 10, 'The God of Small Things', '9780812979657', 720.00, 15, 340, 'English', NULL, 4.3, 0);
INSERT INTO BOOK VALUES (58, 32, 10, 'The Ministry of Utmost Happiness', '9780812984255', 780.00, 14, 450, 'English', NULL, 4.1, 0);
INSERT INTO BOOK VALUES (59, 33, 7, 'Abol Tabol', '9789844010172', 280.00, 30, 176, 'Bangla', NULL, 4.6, 0);
INSERT INTO BOOK VALUES (60, 33, 7, 'HaJaBaRaLa', '9789844010189', 290.00, 26, 168, 'Bangla', NULL, 4.7, 0);
INSERT INTO BOOK VALUES (61, 34, 7, 'Ekripte Golpo', '9789844010196', 320.00, 24, 200, 'Bangla', NULL, 4.3, 0);
INSERT INTO BOOK VALUES (62, 34, 7, 'Chhotoder Oitihya', '9789844010202', 310.00, 28, 212, 'Bangla', NULL, 4.4, 0);
INSERT INTO BOOK VALUES (63, 35, 9, 'Such a Long Journey', '9780375728790', 760.00, 12, 560, 'English', NULL, 4.3, 0);
INSERT INTO BOOK VALUES (64, 35, 9, 'The Shadow Lines', '9780143034458', 720.00, 14, 314, 'English', NULL, 4.2, 0);
INSERT INTO BOOK VALUES (65, 36, 7, 'Jete Pari Kintu Fire Ashbo', '9789844010219', 330.00, 22, 238, 'Bangla', NULL, 4.5, 0);
INSERT INTO BOOK VALUES (66, 36, 7, 'Kichu Kichu Byatha', '9789844010226', 310.00, 25, 220, 'Bangla', NULL, 4.4, 0);
INSERT INTO BOOK VALUES (67, 37, 7, 'Chhoto Der Gaan', '9789844010233', 300.00, 24, 198, 'Bangla', NULL, 4.2, 0);
INSERT INTO BOOK VALUES (68, 37, 7, 'Sujon Samashya', '9789844010240', 320.00, 20, 214, 'Bangla', NULL, 4.4, 0);
INSERT INTO BOOK VALUES (69, 38, 13, 'The Beautiful and Damned', '9780743273565', 680.00, 16, 448, 'English', NULL, 4.0, 0);
INSERT INTO BOOK VALUES (70, 38, 13, 'Tender Is the Night', '9780684801544', 690.00, 14, 317, 'English', NULL, 4.2, 0);
INSERT INTO BOOK VALUES (71, 39, 11, 'Hyperion', '9780553283686', 780.00, 15, 482, 'English', NULL, 4.4, 0);
INSERT INTO BOOK VALUES (72, 39, 11, 'The Terror', '9780446694115', 820.00, 13, 784, 'English', NULL, 4.2, 0);
INSERT INTO BOOK VALUES (73, 40, 14, 'The Essential Rumi', '9780062509599', 620.00, 20, 432, 'English', NULL, 4.8, 0);
INSERT INTO BOOK VALUES (74, 40, 14, 'The Masnavi', '9780140446326', 900.00, 12, 726, 'English', NULL, 4.7, 0);
INSERT INTO BOOK VALUES (75, 41, 11, 'I Am Malala', '9780316322409', 750.00, 18, 352, 'English', NULL, 4.6, 0);
INSERT INTO BOOK VALUES (76, 42, 12, 'Sea of Poppies', '9780143126490', 780.00, 13, 528, 'English', NULL, 4.2, 0);
INSERT INTO BOOK VALUES (77, 43, 7, 'Golper Hawa', '9789844010257', 310.00, 24, 210, 'Bangla', NULL, 4.3, 0);
INSERT INTO BOOK VALUES (78, 43, 7, 'Chorer Raja', '9789844010264', 310.00, 25, 220, 'Bangla', NULL, 4.3, 0);
INSERT INTO BOOK VALUES (79, 44, 5, 'Prithibi', '9789844010271', 290.00, 28, 198, 'Bangla', NULL, 4.3, 0);
INSERT INTO BOOK VALUES (80, 44, 5, 'Prem', '9789844010288', 300.00, 24, 204, 'Bangla', NULL, 4.1, 0);
INSERT INTO BOOK VALUES (81, 45, 10, 'The Autobiography of an Unknown Indian', '9780195668464', 620.00, 14, 388, 'English', NULL, 4.4, 0);
INSERT INTO BOOK VALUES (82, 45, 10, 'The Non-European', '9780195633981', 680.00, 13, 428, 'English', NULL, 4.3, 0);
INSERT INTO BOOK VALUES (83, 46, 7, 'Swapno Bhora Shraban', '9789844010295', 310.00, 26, 220, 'Bangla', NULL, 4.2, 0);
INSERT INTO BOOK VALUES (84, 46, 7, 'Surer Tabla', '9789844010301', 320.00, 24, 236, 'Bangla', NULL, 4.4, 0);
INSERT INTO BOOK VALUES (85, 47, 7, 'Likhito Manush', '9789844010318', 330.00, 22, 248, 'Bangla', NULL, 4.3, 0);
INSERT INTO BOOK VALUES (86, 47, 7, 'Natun Rong', '9789844010325', 300.00, 22, 210, 'Bangla', NULL, 4.1, 0);
INSERT INTO BOOK VALUES (87, 48, 10, 'Antarleen', '9789844010332', 340.00, 20, 256, 'Bangla', NULL, 4.3, 0);
INSERT INTO BOOK VALUES (88, 48, 10, 'Khabar O Katha', '9789844010349', 320.00, 21, 226, 'Bangla', NULL, 4.2, 0);
INSERT INTO BOOK VALUES (89, 49, 7, 'Din Anondo O Bitrono', '9789844010356', 310.00, 23, 238, 'Bangla', NULL, 4.1, 0);
INSERT INTO BOOK VALUES (90, 49, 7, 'Shonar Bangla', '9789844010363', 320.00, 24, 242, 'Bangla', NULL, 4.3, 0);
INSERT INTO BOOK VALUES (91, 50, 10, 'Aamar Dui Namey', '9789844010370', 330.00, 22, 258, 'Bangla', NULL, 4.4, 0);
INSERT INTO BOOK VALUES (92, 50, 10, 'Chhuti', '9789844010387', 300.00, 25, 208, 'Bangla', NULL, 4.2, 0);
INSERT INTO BOOK VALUES (93, 7, 7, 'Dwikoponer Golpo', '9789844010394', 340.00, 20, 264, 'Bangla', NULL, 4.5, 0);
INSERT INTO BOOK VALUES (94, 6, 7, 'Geetanjali', '9789844010400', 360.00, 18, 158, 'Bangla', NULL, 4.8, 0);
INSERT INTO BOOK VALUES (95, 1, 6, 'Misir Ali Ratri Jatra', '9789844010417', 330.00, 22, 278, 'Bangla', NULL, 4.7, 0);
INSERT INTO BOOK VALUES (96, 2, 2, 'Badol Diner Prothombar', '9789844010424', 310.00, 25, 238, 'Bangla', NULL, 4.6, 0);
INSERT INTO BOOK VALUES (97, 5, 5, 'Mone Kichhu', '9789844010431', 300.00, 26, 210, 'Bangla', NULL, 4.4, 0);
INSERT INTO BOOK VALUES (98, 14, 7, 'Hajar Bochhorer Bangali Shilpi', '9789844010448', 340.00, 20, 272, 'Bangla', NULL, 4.2, 0);
INSERT INTO BOOK VALUES (99, 16, 9, 'Down and Out in Paris and London', '9780141188897', 620.00, 16, 287, 'English', NULL, 4.2, 0);
INSERT INTO BOOK VALUES (100, 16, 9, 'Homage to Catalonia', '9780156421171', 640.00, 12, 232, 'English', NULL, 4.4, 0);
INSERT INTO BOOK VALUES (101, 17, 9, 'Mansfield Park', '9780141439808', 620.00, 14, 464, 'English', NULL, 4.1, 0);
INSERT INTO BOOK VALUES (102, 18, 11, 'A Connecticut Yankee in King Arthur''s Court', '9780451527543', 600.00, 18, 464, 'English', NULL, 4.2, 0);
INSERT INTO BOOK VALUES (103, 19, 9, 'Oliver Twist', '9780141439747', 680.00, 16, 504, 'English', NULL, 4.5, 0);
INSERT INTO BOOK VALUES (104, 20, 13, 'The Sun Also Rises', '9780684801520', 640.00, 18, 251, 'English', NULL, 4.1, 0);
INSERT INTO BOOK VALUES (105, 21, 14, 'The Death of Ivan Ilyich', '9780199538586', 580.00, 14, 138, 'English', NULL, 4.3, 0);
INSERT INTO BOOK VALUES (106, 22, 14, 'Notes from Underground', '9780140444308', 620.00, 16, 192, 'English', NULL, 4.2, 0);
INSERT INTO BOOK VALUES (107, 23, 13, 'Go Set a Watchman', '9780062409850', 720.00, 14, 278, 'English', NULL, 4.0, 0);
INSERT INTO BOOK VALUES (108, 24, 9, 'Love in the Time of Cholera', '9780307389732', 780.00, 14, 368, 'English', NULL, 4.5, 0);
INSERT INTO BOOK VALUES (109, 25, 11, 'No Longer at Ease', '9780143105966', 640.00, 16, 320, 'English', NULL, 4.1, 0);
INSERT INTO BOOK VALUES (110, 26, 13, 'Oryx and Crake', '9780385721674', 760.00, 12, 376, 'English', NULL, 4.2, 0);
INSERT INTO BOOK VALUES (111, 27, 9, 'Curtain: Poirot''s Last Case', '9780062073556', 640.00, 14, 256, 'English', NULL, 4.3, 0);
INSERT INTO BOOK VALUES (112, 28, 11, 'The Da Vinci Code', '9780307474278', 760.00, 18, 489, 'English', NULL, 4.2, 0);
INSERT INTO BOOK VALUES (113, 29, 12, 'Unaccustomed Earth', '9780393331455', 660.00, 16, 307, 'English', NULL, 4.3, 0);
INSERT INTO BOOK VALUES (114, 30, 11, 'And the Mountains Echoed', '9781594632389', 720.00, 14, 402, 'English', NULL, 4.2, 0);
INSERT INTO BOOK VALUES (115, 31, 12, 'The Golden Gate', '9780141187531', 700.00, 13, 400, 'English', NULL, 4.0, 0);
INSERT INTO BOOK VALUES (116, 32, 10, 'The Moor''s Last Sigh', '9780140287489', 690.00, 14, 369, 'English', NULL, 4.1, 0);
INSERT INTO BOOK VALUES (117, 33, 7, 'Pagla Dashu', '9789844010455', 320.00, 25, 190, 'Bangla', NULL, 4.6, 0);
INSERT INTO BOOK VALUES (118, 34, 7, 'Samudrer Swapna Shargiye', '9789844010462', 310.00, 22, 218, 'Bangla', NULL, 4.5, 0);
INSERT INTO BOOK VALUES (119, 35, 9, 'Family Matters', '9781400077655', 740.00, 14, 525, 'English', NULL, 4.1, 0);
INSERT INTO BOOK VALUES (120, 36, 7, 'Ekale Amar Bahun', '9789844010479', 330.00, 21, 232, 'Bangla', NULL, 4.3, 0);
INSERT INTO BOOK VALUES (121, 37, 7, 'Bhalo Ache Bhalo Lage', '9789844010486', 320.00, 20, 220, 'Bangla', NULL, 4.4, 0);
INSERT INTO BOOK VALUES (122, 38, 13, 'This Side of Paradise', '9780743273565', 640.00, 15, 305, 'English', NULL, 4.0, 0);
INSERT INTO BOOK VALUES (123, 39, 11, 'Ilium', '9780553581883', 760.00, 15, 782, 'English', NULL, 4.1, 0);
INSERT INTO BOOK VALUES (124, 40, 14, 'Rumi: Bridge to the Soul', '9780061732668', 680.00, 17, 400, 'English', NULL, 4.7, 0);
INSERT INTO BOOK VALUES (125, 41, 11, 'We Are Displaced', '9780316563338', 680.00, 16, 256, 'English', NULL, 4.3, 0);
INSERT INTO BOOK VALUES (126, 42, 12, 'Sea of Poppies', '9780143126490', 780.00, 13, 528, 'English', NULL, 4.2, 0);
INSERT INTO BOOK VALUES (127, 43, 7, 'Golper Hawa', '9789844010493', 310.00, 24, 210, 'Bangla', NULL, 4.3, 0);
INSERT INTO BOOK VALUES (128, 44, 5, 'Machine Taal', '9789844010509', 300.00, 26, 208, 'Bangla', NULL, 4.2, 0);
INSERT INTO BOOK VALUES (129, 45, 10, 'The English Teacher', '9780812969879', 620.00, 16, 155, 'English', NULL, 4.1, 0);
INSERT INTO BOOK VALUES (130, 46, 7, 'Amader Nacher Golpo', '9789844010516', 320.00, 22, 224, 'Bangla', NULL, 4.3, 0);
INSERT INTO BOOK VALUES (131, 47, 7, 'Jeebon Katha', '9789844010523', 330.00, 20, 240, 'Bangla', NULL, 4.4, 0);
INSERT INTO BOOK VALUES (132, 48, 10, 'Chitra Nadir Pare', '9789844010530', 340.00, 19, 256, 'Bangla', NULL, 4.3, 0);
INSERT INTO BOOK VALUES (133, 49, 7, 'Pother Panghat', '9789844010547', 310.00, 24, 220, 'Bangla', NULL, 4.2, 0);
INSERT INTO BOOK VALUES (134, 50, 10, 'Ronger Golpo', '9789844010554', 300.00, 26, 206, 'Bangla', NULL, 4.1, 0);
INSERT INTO BOOK VALUES (135, 8, 9, 'A Game of Thrones', '9780553593716', 920.00, 14, 694, 'English', NULL, 4.9, 0);
INSERT INTO BOOK VALUES (136, 8, 9, 'A Clash of Kings', '9780553579901', 950.00, 13, 768, 'English', NULL, 4.8, 0);
INSERT INTO BOOK VALUES (137, 8, 9, 'A Storm of Swords', '9780553573428', 980.00, 12, 973, 'English', NULL, 4.9, 0);
INSERT INTO BOOK VALUES (138, 40, 14, 'Rumi: The Big Red Book', '9780062509612', 700.00, 16, 320, 'English', NULL, 4.5, 0);
INSERT INTO BOOK VALUES (139, 30, 11, 'And the Mountains Echoed', '9781594632389', 720.00, 14, 402, 'English', NULL, 4.2, 0);
INSERT INTO BOOK VALUES (140, 29, 12, 'The Lowland', '9780812980820', 720.00, 15, 432, 'English', NULL, 4.2, 0);
INSERT INTO BOOK VALUES (141, 19, 9, 'Bleak House', '9780141439723', 690.00, 15, 960, 'English', NULL, 4.3, 0);
INSERT INTO BOOK VALUES (142, 21, 14, 'Resurrection', '9780140448394', 620.00, 16, 518, 'English', NULL, 4.1, 0);
INSERT INTO BOOK VALUES (143, 17, 10, 'Persuasion', '9780141439686', 620.00, 15, 272, 'English', NULL, 4.4, 0);
INSERT INTO BOOK VALUES (144, 18, 11, 'The Prince and the Pauper', '9780143039753', 620.00, 18, 304, 'English', NULL, 4.3, 0);
INSERT INTO BOOK VALUES (145, 20, 13, 'A Farewell to Arms', '9780684801469', 680.00, 14, 352, 'English', NULL, 4.1, 0);
INSERT INTO BOOK VALUES (146, 24, 9, 'Chronicle of a Death Foretold', '9780143127558', 720.00, 16, 126, 'English', NULL, 4.1, 0);
INSERT INTO BOOK VALUES (147, 27, 9, 'The Murder of Roger Ackroyd', '9780062073563', 640.00, 14, 312, 'English', NULL, 4.5, 0);
INSERT INTO BOOK VALUES (148, 13, 6, 'The Two Towers', '9780547928203', 980.00, 12, 352, 'English', NULL, 4.8, 0);
INSERT INTO BOOK VALUES (149, 13, 6, 'The Return of the King', '9780547928197', 980.00, 12, 416, 'English', NULL, 4.9, 0);
INSERT INTO BOOK VALUES (150, 16, 9, 'Coming Up for Air', '9780141188606', 620.00, 18, 336, 'English', NULL, 4.2, 0);
INSERT INTO BOOK VALUES (151, 38, 13, 'The Crack-Up', '9780684837199', 540.00, 22, 216, 'English', NULL, 4.0, 0);
INSERT INTO BOOK VALUES (152, 39, 11, 'Endymion', '9780553581890', 760.00, 16, 562, 'English', NULL, 4.1, 0);
INSERT INTO BOOK VALUES (153, 40, 14, 'Rumi: The Book of Love', '9780062509605', 660.00, 18, 312, 'English', NULL, 4.7, 0);
INSERT INTO BOOK VALUES (154, 59, 13, 'Harry Potter and the Order of the Phoenix', '9780439358071', 920.00, 12, 870, 'English', NULL, 4.8, 0);
INSERT INTO BOOK VALUES (155, 58, 11, 'The Alchemist: Illustrated Edition', '9780062315007', 650.00, 14, 240, 'English', NULL, 4.7, 0);
INSERT INTO BOOK VALUES (156, 16, 9, 'Keep the Aspidistra Flying', '9780141187517', 640.00, 16, 318, 'English', NULL, 4.2, 0);
INSERT INTO BOOK VALUES (157, 22, 14, 'The Idiot', '9780140447922', 720.00, 16, 656, 'English', NULL, 4.7, 0);
INSERT INTO BOOK VALUES (158, 24, 9, 'No One Writes to the Colonel', '9780307763950', 640.00, 14, 120, 'English', NULL, 4.2, 0);
INSERT INTO BOOK VALUES (159, 37, 7, 'Desher Mati', '9789844010561', 310.00, 25, 242, 'Bangla', NULL, 4.4, 0);
INSERT INTO BOOK VALUES (160, 34, 7, 'Chena Mittha', '9789844010578', 300.00, 26, 214, 'Bangla', NULL, 4.2, 0);
INSERT INTO BOOK VALUES (161, 14, 7, 'Rupkotha', '9789844010585', 340.00, 22, 260, 'Bangla', NULL, 4.3, 0);
INSERT INTO BOOK VALUES (162, 45, 10, 'An Indian Day', '9780195668488', 620.00, 18, 210, 'English', NULL, 4.2, 0);
INSERT INTO BOOK VALUES (163, 33, 7, 'Buro Hawa', '9789844010592', 320.00, 23, 220, 'Bangla', NULL, 4.4, 0);
INSERT INTO BOOK VALUES (164, 60, 6, 'Himu For Dreams', '9789844010608', 350.00, 20, 250, 'Bangla', NULL, 4.5, 0);
INSERT INTO BOOK VALUES (165, 61, 2, 'Nari Nai', '9789844010615', 310.00, 24, 232, 'Bangla', NULL, 4.3, 0);
INSERT INTO BOOK VALUES (166, 62, 5, 'Haleem''s Saga', '9789844010622', 330.00, 22, 248, 'Bangla', NULL, 4.2, 0);
INSERT INTO BOOK VALUES (167, 36, 7, 'Nomaanush', '9789844010639', 320.00, 23, 234, 'Bangla', NULL, 4.4, 0);
INSERT INTO BOOK VALUES (168, 8, 9, 'A Feast for Crows', '9780553582026', 980.00, 10, 784, 'English', NULL, 4.5, 0);
INSERT INTO BOOK VALUES (169, 8, 9, 'A Dance with Dragons', '9780553582019', 980.00, 10, 1056, 'English', NULL, 4.6, 0);
INSERT INTO BOOK VALUES (170, 28, 11, 'Digital Fortress', '9781429902304', 720.00, 14, 384, 'English', NULL, 4.1, 0);
INSERT INTO BOOK VALUES (171, 27, 9, 'Death on the Nile', '9780062073532', 640.00, 14, 368, 'English', NULL, 4.4, 0);
INSERT INTO BOOK VALUES (172, 20, 13, 'Green Hills of Africa', '9780684837199', 620.00, 18, 270, 'English', NULL, 4.0, 0);
INSERT INTO BOOK VALUES (173, 16, 9, 'Coming Up for Air', '9780141188606', 620.00, 18, 336, 'English', NULL, 4.2, 0);
INSERT INTO BOOK VALUES (174, 17, 10, 'Northanger Abbey', '9780141439792', 620.00, 14, 240, 'English', NULL, 4.1, 0);
INSERT INTO BOOK VALUES (175, 19, 9, 'David Copperfield', '9780140439441', 690.00, 16, 928, 'English', NULL, 4.3, 0);
INSERT INTO BOOK VALUES (176, 22, 14, 'The Gambler', '9780140447151', 580.00, 14, 288, 'English', NULL, 4.1, 0);
INSERT INTO BOOK VALUES (177, 24, 9, 'Of Love and Other Demons', '9780307389749', 680.00, 14, 192, 'English', NULL, 4.1, 0);
INSERT INTO BOOK VALUES (178, 31, 12, 'Three Mistakes of My Life', '9780143035127', 720.00, 15, 304, 'English', NULL, 4.3, 0);
INSERT INTO BOOK VALUES (179, 32, 10, 'The White Tiger', '9781416560601', 720.00, 16, 321, 'English', NULL, 4.2, 0);
INSERT INTO BOOK VALUES (180, 38, 13, 'This Side of Paradise', '9780743273565', 640.00, 15, 305, 'English', NULL, 4.0, 0);
INSERT INTO BOOK VALUES (181, 60, 6, 'Himu Full Volume', '9789844010646', 360.00, 18, 380, 'Bangla', NULL, 4.6, 0);
INSERT INTO BOOK VALUES (182, 62, 5, 'Gyan', '9789844010653', 320.00, 24, 220, 'Bangla', NULL, 4.3, 0);
INSERT INTO BOOK VALUES (183, 46, 7, 'Bou Boner Golpo', '9789844010660', 310.00, 25, 214, 'Bangla', NULL, 4.2, 0);
INSERT INTO BOOK VALUES (184, 47, 7, 'Joto Gaan Gai', '9789844010677', 320.00, 23, 228, 'Bangla', NULL, 4.3, 0);
INSERT INTO BOOK VALUES (185, 48, 10, 'Chithikatha', '9789844010684', 340.00, 20, 262, 'Bangla', NULL, 4.4, 0);
INSERT INTO BOOK VALUES (186, 61, 2, 'Niscolnor Ga', '9789844010691', 300.00, 26, 214, 'Bangla', NULL, 4.2, 0);
INSERT INTO BOOK VALUES (187, 20, 13, 'Islands in the Stream', '9780684833191', 620.00, 15, 370, 'English', NULL, 4.0, 0);
INSERT INTO BOOK VALUES (188, 19, 9, 'The Mystery of Edwin Drood', '9780141439785', 660.00, 15, 520, 'English', NULL, 4.1, 0);
INSERT INTO BOOK VALUES (189, 23, 13, 'Go Set a Watchman', '9780062409850', 720.00, 14, 278, 'English', NULL, 4.0, 0);
INSERT INTO BOOK VALUES (190, 26, 13, 'The Handmaid''s Tale', '9780385490818', 720.00, 16, 311, 'English', NULL, 4.5, 0);
INSERT INTO BOOK VALUES (191, 24, 9, 'The Autumn of the Patriarch', '9780307389763', 700.00, 13, 416, 'English', NULL, 4.1, 0);
INSERT INTO BOOK VALUES (192, 29, 12, 'The Lowland', '9780812980820', 720.00, 15, 432, 'English', NULL, 4.2, 0);
INSERT INTO BOOK VALUES (193, 30, 11, 'Sea Prayer', '9780525512128', 520.00, 18, 40, 'English', NULL, 4.0, 0);
INSERT INTO BOOK VALUES (194, 31, 12, 'The River', '9780141184619', 620.00, 18, 352, 'English', NULL, 4.1, 0);
INSERT INTO BOOK VALUES (195, 32, 10, 'The Ministry of Utmost Happiness', '9780812984255', 780.00, 14, 450, 'English', NULL, 4.1, 0);
INSERT INTO BOOK VALUES (196, 35, 9, 'A Fine Balance', '9780385474542', 760.00, 12, 624, 'English', NULL, 4.4, 0);
INSERT INTO BOOK VALUES (197, 60, 6, 'Himu Somoi', '9789844010707', 340.00, 20, 230, 'Bangla', NULL, 4.4, 0);
INSERT INTO BOOK VALUES (198, 61, 2, 'Moron O Jibon', '9789844010714', 310.00, 24, 230, 'Bangla', NULL, 4.2, 0);
INSERT INTO BOOK VALUES (199, 62, 5, 'Tritiyo Boro', '9789844010721', 330.00, 22, 248, 'Bangla', NULL, 4.3, 0);
INSERT INTO BOOK VALUES (200, 27, 9, 'Endless Night', '9780062073563', 640.00, 14, 320, 'English', NULL, 4.4, 0);
INSERT INTO BOOK VALUES (201, 28, 11, 'Deception Point', '9780743482249', 720.00, 15, 556, 'English', NULL, 4.1, 0);
INSERT INTO BOOK VALUES (202, 18, 11, 'The Prince and the Pauper', '9780143039753', 620.00, 18, 304, 'English', NULL, 4.3, 0);
INSERT INTO BOOK VALUES (203, 25, 11, 'Arrow of God', '9780143106697', 640.00, 16, 320, 'English', NULL, 4.1, 0);
INSERT INTO BOOK VALUES (204, 39, 11, 'Flashback', '9780553582033', 700.00, 16, 656, 'English', NULL, 4.1, 0);
INSERT INTO BOOK VALUES (205, 40, 14, 'Rumi: The Big Red Book', '9780062509612', 700.00, 16, 320, 'English', NULL, 4.5, 0);
INSERT INTO BOOK VALUES (206, 46, 7, 'Amar Shesh Gaan', '9789844010738', 320.00, 23, 222, 'Bangla', NULL, 4.3, 0);
INSERT INTO BOOK VALUES (207, 47, 7, 'Roter Gaan', '9789844010745', 330.00, 22, 244, 'Bangla', NULL, 4.2, 0);
INSERT INTO BOOK VALUES (208, 48, 10, 'Tomake Chai', '9789844010752', 340.00, 20, 262, 'Bangla', NULL, 4.4, 0);
INSERT INTO BOOK VALUES (209, 49, 7, 'Golpo Kichu', '9789844010769', 310.00, 24, 222, 'Bangla', NULL, 4.1, 0);
INSERT INTO BOOK VALUES (210, 50, 10, 'Paharer Gaan', '9789844010776', 300.00, 25, 210, 'Bangla', NULL, 4.2, 0);

-- ───────────── BOOK_CATEGORY (link new books to categories) ─────────────
INSERT INTO BOOK_CATEGORY (BOOK_CATEGORY_ID, BOOK_ID, CATEGORY_ID) VALUES (1001, 11, 1);
INSERT INTO BOOK_CATEGORY (BOOK_CATEGORY_ID, BOOK_ID, CATEGORY_ID) VALUES (1002, 12, 7);
INSERT INTO BOOK_CATEGORY (BOOK_CATEGORY_ID, BOOK_ID, CATEGORY_ID) VALUES (1003, 13, 4);
INSERT INTO BOOK_CATEGORY (BOOK_CATEGORY_ID, BOOK_ID, CATEGORY_ID) VALUES (1004, 14, 4);
INSERT INTO BOOK_CATEGORY (BOOK_CATEGORY_ID, BOOK_ID, CATEGORY_ID) VALUES (1005, 15, 7);
INSERT INTO BOOK_CATEGORY (BOOK_CATEGORY_ID, BOOK_ID, CATEGORY_ID) VALUES (1006, 16, 7);
INSERT INTO BOOK_CATEGORY (BOOK_CATEGORY_ID, BOOK_ID, CATEGORY_ID) VALUES (1007, 17, 7);
INSERT INTO BOOK_CATEGORY (BOOK_CATEGORY_ID, BOOK_ID, CATEGORY_ID) VALUES (1008, 18, 1);
INSERT INTO BOOK_CATEGORY (BOOK_CATEGORY_ID, BOOK_ID, CATEGORY_ID) VALUES (1009, 19, 7);
INSERT INTO BOOK_CATEGORY (BOOK_CATEGORY_ID, BOOK_ID, CATEGORY_ID) VALUES (1010, 20, 7);
INSERT INTO BOOK_CATEGORY (BOOK_CATEGORY_ID, BOOK_ID, CATEGORY_ID) VALUES (1011, 21, 4);
INSERT INTO BOOK_CATEGORY (BOOK_CATEGORY_ID, BOOK_ID, CATEGORY_ID) VALUES (1012, 22, 1);
INSERT INTO BOOK_CATEGORY (BOOK_CATEGORY_ID, BOOK_ID, CATEGORY_ID) VALUES (1013, 23, 4);
INSERT INTO BOOK_CATEGORY (BOOK_CATEGORY_ID, BOOK_ID, CATEGORY_ID) VALUES (1014, 24, 7);
INSERT INTO BOOK_CATEGORY (BOOK_CATEGORY_ID, BOOK_ID, CATEGORY_ID) VALUES (1015, 25, 7);
INSERT INTO BOOK_CATEGORY (BOOK_CATEGORY_ID, BOOK_ID, CATEGORY_ID) VALUES (1016, 26, 4);
INSERT INTO BOOK_CATEGORY (BOOK_CATEGORY_ID, BOOK_ID, CATEGORY_ID) VALUES (1017, 27, 1);
INSERT INTO BOOK_CATEGORY (BOOK_CATEGORY_ID, BOOK_ID, CATEGORY_ID) VALUES (1018, 28, 7);
INSERT INTO BOOK_CATEGORY (BOOK_CATEGORY_ID, BOOK_ID, CATEGORY_ID) VALUES (1019, 29, 1);
INSERT INTO BOOK_CATEGORY (BOOK_CATEGORY_ID, BOOK_ID, CATEGORY_ID) VALUES (1020, 30, 1);
INSERT INTO BOOK_CATEGORY (BOOK_CATEGORY_ID, BOOK_ID, CATEGORY_ID) VALUES (1021, 31, 1);
INSERT INTO BOOK_CATEGORY (BOOK_CATEGORY_ID, BOOK_ID, CATEGORY_ID) VALUES (1022, 32, 1);
INSERT INTO BOOK_CATEGORY (BOOK_CATEGORY_ID, BOOK_ID, CATEGORY_ID) VALUES (1023, 33, 1);
INSERT INTO BOOK_CATEGORY (BOOK_CATEGORY_ID, BOOK_ID, CATEGORY_ID) VALUES (1024, 34, 1);
INSERT INTO BOOK_CATEGORY (BOOK_CATEGORY_ID, BOOK_ID, CATEGORY_ID) VALUES (1025, 35, 1);
INSERT INTO BOOK_CATEGORY (BOOK_CATEGORY_ID, BOOK_ID, CATEGORY_ID) VALUES (1026, 36, 1);
INSERT INTO BOOK_CATEGORY (BOOK_CATEGORY_ID, BOOK_ID, CATEGORY_ID) VALUES (1027, 37, 1);
INSERT INTO BOOK_CATEGORY (BOOK_CATEGORY_ID, BOOK_ID, CATEGORY_ID) VALUES (1028, 38, 1);
INSERT INTO BOOK_CATEGORY (BOOK_CATEGORY_ID, BOOK_ID, CATEGORY_ID) VALUES (1029, 39, 1);
INSERT INTO BOOK_CATEGORY (BOOK_CATEGORY_ID, BOOK_ID, CATEGORY_ID) VALUES (1030, 40, 1);
INSERT INTO BOOK_CATEGORY (BOOK_CATEGORY_ID, BOOK_ID, CATEGORY_ID) VALUES (1031, 41, 1);
INSERT INTO BOOK_CATEGORY (BOOK_CATEGORY_ID, BOOK_ID, CATEGORY_ID) VALUES (1032, 42, 1);
INSERT INTO BOOK_CATEGORY (BOOK_CATEGORY_ID, BOOK_ID, CATEGORY_ID) VALUES (1033, 43, 1);
INSERT INTO BOOK_CATEGORY (BOOK_CATEGORY_ID, BOOK_ID, CATEGORY_ID) VALUES (1034, 44, 1);
INSERT INTO BOOK_CATEGORY (BOOK_CATEGORY_ID, BOOK_ID, CATEGORY_ID) VALUES (1035, 45, 1);
INSERT INTO BOOK_CATEGORY (BOOK_CATEGORY_ID, BOOK_ID, CATEGORY_ID) VALUES (1036, 46, 1);
INSERT INTO BOOK_CATEGORY (BOOK_CATEGORY_ID, BOOK_ID, CATEGORY_ID) VALUES (1037, 47, 1);
INSERT INTO BOOK_CATEGORY (BOOK_CATEGORY_ID, BOOK_ID, CATEGORY_ID) VALUES (1038, 48, 1);
INSERT INTO BOOK_CATEGORY (BOOK_CATEGORY_ID, BOOK_ID, CATEGORY_ID) VALUES (1039, 49, 1);
INSERT INTO BOOK_CATEGORY (BOOK_CATEGORY_ID, BOOK_ID, CATEGORY_ID) VALUES (1040, 50, 1);
INSERT INTO BOOK_CATEGORY (BOOK_CATEGORY_ID, BOOK_ID, CATEGORY_ID) VALUES (1041, 51, 1);
INSERT INTO BOOK_CATEGORY (BOOK_CATEGORY_ID, BOOK_ID, CATEGORY_ID) VALUES (1042, 52, 1);
INSERT INTO BOOK_CATEGORY (BOOK_CATEGORY_ID, BOOK_ID, CATEGORY_ID) VALUES (1043, 53, 1);
INSERT INTO BOOK_CATEGORY (BOOK_CATEGORY_ID, BOOK_ID, CATEGORY_ID) VALUES (1044, 54, 1);
INSERT INTO BOOK_CATEGORY (BOOK_CATEGORY_ID, BOOK_ID, CATEGORY_ID) VALUES (1045, 55, 1);
INSERT INTO BOOK_CATEGORY (BOOK_CATEGORY_ID, BOOK_ID, CATEGORY_ID) VALUES (1046, 56, 1);
INSERT INTO BOOK_CATEGORY (BOOK_CATEGORY_ID, BOOK_ID, CATEGORY_ID) VALUES (1047, 57, 1);
INSERT INTO BOOK_CATEGORY (BOOK_CATEGORY_ID, BOOK_ID, CATEGORY_ID) VALUES (1048, 58, 1);
INSERT INTO BOOK_CATEGORY (BOOK_CATEGORY_ID, BOOK_ID, CATEGORY_ID) VALUES (1049, 59, 1);
INSERT INTO BOOK_CATEGORY (BOOK_CATEGORY_ID, BOOK_ID, CATEGORY_ID) VALUES (1050, 60, 7);
INSERT INTO BOOK_CATEGORY (BOOK_CATEGORY_ID, BOOK_ID, CATEGORY_ID) VALUES (1051, 61, 7);
INSERT INTO BOOK_CATEGORY (BOOK_CATEGORY_ID, BOOK_ID, CATEGORY_ID) VALUES (1052, 62, 7);
INSERT INTO BOOK_CATEGORY (BOOK_CATEGORY_ID, BOOK_ID, CATEGORY_ID) VALUES (1053, 63, 1);
INSERT INTO BOOK_CATEGORY (BOOK_CATEGORY_ID, BOOK_ID, CATEGORY_ID) VALUES (1054, 64, 1);
INSERT INTO BOOK_CATEGORY (BOOK_CATEGORY_ID, BOOK_ID, CATEGORY_ID) VALUES (1055, 65, 7);
INSERT INTO BOOK_CATEGORY (BOOK_CATEGORY_ID, BOOK_ID, CATEGORY_ID) VALUES (1056, 66, 7);
INSERT INTO BOOK_CATEGORY (BOOK_CATEGORY_ID, BOOK_ID, CATEGORY_ID) VALUES (1057, 67, 7);
INSERT INTO BOOK_CATEGORY (BOOK_CATEGORY_ID, BOOK_ID, CATEGORY_ID) VALUES (1058, 68, 7);
INSERT INTO BOOK_CATEGORY (BOOK_CATEGORY_ID, BOOK_ID, CATEGORY_ID) VALUES (1059, 69, 1);
INSERT INTO BOOK_CATEGORY (BOOK_CATEGORY_ID, BOOK_ID, CATEGORY_ID) VALUES (1060, 70, 1);
INSERT INTO BOOK_CATEGORY (BOOK_CATEGORY_ID, BOOK_ID, CATEGORY_ID) VALUES (1061, 71, 1);
INSERT INTO BOOK_CATEGORY (BOOK_CATEGORY_ID, BOOK_ID, CATEGORY_ID) VALUES (1062, 72, 1);
INSERT INTO BOOK_CATEGORY (BOOK_CATEGORY_ID, BOOK_ID, CATEGORY_ID) VALUES (1063, 73, 2);
INSERT INTO BOOK_CATEGORY (BOOK_CATEGORY_ID, BOOK_ID, CATEGORY_ID) VALUES (1064, 74, 2);
INSERT INTO BOOK_CATEGORY (BOOK_CATEGORY_ID, BOOK_ID, CATEGORY_ID) VALUES (1065, 75, 2);
INSERT INTO BOOK_CATEGORY (BOOK_CATEGORY_ID, BOOK_ID, CATEGORY_ID) VALUES (1066, 76, 1);
INSERT INTO BOOK_CATEGORY (BOOK_CATEGORY_ID, BOOK_ID, CATEGORY_ID) VALUES (1067, 77, 7);
INSERT INTO BOOK_CATEGORY (BOOK_CATEGORY_ID, BOOK_ID, CATEGORY_ID) VALUES (1068, 78, 7);
INSERT INTO BOOK_CATEGORY (BOOK_CATEGORY_ID, BOOK_ID, CATEGORY_ID) VALUES (1069, 79, 5);
INSERT INTO BOOK_CATEGORY (BOOK_CATEGORY_ID, BOOK_ID, CATEGORY_ID) VALUES (1070, 80, 5);
INSERT INTO BOOK_CATEGORY (BOOK_CATEGORY_ID, BOOK_ID, CATEGORY_ID) VALUES (1071, 81, 2);
INSERT INTO BOOK_CATEGORY (BOOK_CATEGORY_ID, BOOK_ID, CATEGORY_ID) VALUES (1072, 82, 2);
INSERT INTO BOOK_CATEGORY (BOOK_CATEGORY_ID, BOOK_ID, CATEGORY_ID) VALUES (1073, 83, 7);
INSERT INTO BOOK_CATEGORY (BOOK_CATEGORY_ID, BOOK_ID, CATEGORY_ID) VALUES (1074, 84, 7);
INSERT INTO BOOK_CATEGORY (BOOK_CATEGORY_ID, BOOK_ID, CATEGORY_ID) VALUES (1075, 85, 7);
INSERT INTO BOOK_CATEGORY (BOOK_CATEGORY_ID, BOOK_ID, CATEGORY_ID) VALUES (1076, 86, 7);
INSERT INTO BOOK_CATEGORY (BOOK_CATEGORY_ID, BOOK_ID, CATEGORY_ID) VALUES (1077, 87, 7);
INSERT INTO BOOK_CATEGORY (BOOK_CATEGORY_ID, BOOK_ID, CATEGORY_ID) VALUES (1078, 88, 7);
INSERT INTO BOOK_CATEGORY (BOOK_CATEGORY_ID, BOOK_ID, CATEGORY_ID) VALUES (1079, 89, 7);
INSERT INTO BOOK_CATEGORY (BOOK_CATEGORY_ID, BOOK_ID, CATEGORY_ID) VALUES (1080, 90, 7);
INSERT INTO BOOK_CATEGORY (BOOK_CATEGORY_ID, BOOK_ID, CATEGORY_ID) VALUES (1081, 91, 7);
INSERT INTO BOOK_CATEGORY (BOOK_CATEGORY_ID, BOOK_ID, CATEGORY_ID) VALUES (1082, 92, 7);
INSERT INTO BOOK_CATEGORY (BOOK_CATEGORY_ID, BOOK_ID, CATEGORY_ID) VALUES (1083, 93, 7);
INSERT INTO BOOK_CATEGORY (BOOK_CATEGORY_ID, BOOK_ID, CATEGORY_ID) VALUES (1084, 94, 7);
INSERT INTO BOOK_CATEGORY (BOOK_CATEGORY_ID, BOOK_ID, CATEGORY_ID) VALUES (1085, 95, 7);
INSERT INTO BOOK_CATEGORY (BOOK_CATEGORY_ID, BOOK_ID, CATEGORY_ID) VALUES (1086, 96, 1);
INSERT INTO BOOK_CATEGORY (BOOK_CATEGORY_ID, BOOK_ID, CATEGORY_ID) VALUES (1087, 97, 7);
INSERT INTO BOOK_CATEGORY (BOOK_CATEGORY_ID, BOOK_ID, CATEGORY_ID) VALUES (1088, 98, 7);
INSERT INTO BOOK_CATEGORY (BOOK_CATEGORY_ID, BOOK_ID, CATEGORY_ID) VALUES (1089, 99, 1);
INSERT INTO BOOK_CATEGORY (BOOK_CATEGORY_ID, BOOK_ID, CATEGORY_ID) VALUES (1090, 100, 1);
INSERT INTO BOOK_CATEGORY (BOOK_CATEGORY_ID, BOOK_ID, CATEGORY_ID) VALUES (1091, 101, 1);
INSERT INTO BOOK_CATEGORY (BOOK_CATEGORY_ID, BOOK_ID, CATEGORY_ID) VALUES (1092, 102, 1);
INSERT INTO BOOK_CATEGORY (BOOK_CATEGORY_ID, BOOK_ID, CATEGORY_ID) VALUES (1093, 103, 1);
INSERT INTO BOOK_CATEGORY (BOOK_CATEGORY_ID, BOOK_ID, CATEGORY_ID) VALUES (1094, 104, 1);
INSERT INTO BOOK_CATEGORY (BOOK_CATEGORY_ID, BOOK_ID, CATEGORY_ID) VALUES (1095, 105, 1);
INSERT INTO BOOK_CATEGORY (BOOK_CATEGORY_ID, BOOK_ID, CATEGORY_ID) VALUES (1096, 106, 1);
INSERT INTO BOOK_CATEGORY (BOOK_CATEGORY_ID, BOOK_ID, CATEGORY_ID) VALUES (1097, 107, 1);
INSERT INTO BOOK_CATEGORY (BOOK_CATEGORY_ID, BOOK_ID, CATEGORY_ID) VALUES (1098, 108, 1);
INSERT INTO BOOK_CATEGORY (BOOK_CATEGORY_ID, BOOK_ID, CATEGORY_ID) VALUES (1099, 109, 1);
INSERT INTO BOOK_CATEGORY (BOOK_CATEGORY_ID, BOOK_ID, CATEGORY_ID) VALUES (1100, 110, 1);
INSERT INTO BOOK_CATEGORY (BOOK_CATEGORY_ID, BOOK_ID, CATEGORY_ID) VALUES (1101, 111, 1);
INSERT INTO BOOK_CATEGORY (BOOK_CATEGORY_ID, BOOK_ID, CATEGORY_ID) VALUES (1102, 112, 1);
INSERT INTO BOOK_CATEGORY (BOOK_CATEGORY_ID, BOOK_ID, CATEGORY_ID) VALUES (1103, 113, 1);
INSERT INTO BOOK_CATEGORY (BOOK_CATEGORY_ID, BOOK_ID, CATEGORY_ID) VALUES (1104, 114, 1);
INSERT INTO BOOK_CATEGORY (BOOK_CATEGORY_ID, BOOK_ID, CATEGORY_ID) VALUES (1105, 115, 1);
INSERT INTO BOOK_CATEGORY (BOOK_CATEGORY_ID, BOOK_ID, CATEGORY_ID) VALUES (1106, 116, 1);
INSERT INTO BOOK_CATEGORY (BOOK_CATEGORY_ID, BOOK_ID, CATEGORY_ID) VALUES (1107, 117, 7);
INSERT INTO BOOK_CATEGORY (BOOK_CATEGORY_ID, BOOK_ID, CATEGORY_ID) VALUES (1108, 118, 7);
INSERT INTO BOOK_CATEGORY (BOOK_CATEGORY_ID, BOOK_ID, CATEGORY_ID) VALUES (1109, 119, 1);
INSERT INTO BOOK_CATEGORY (BOOK_CATEGORY_ID, BOOK_ID, CATEGORY_ID) VALUES (1110, 120, 7);
INSERT INTO BOOK_CATEGORY (BOOK_CATEGORY_ID, BOOK_ID, CATEGORY_ID) VALUES (1111, 121, 7);
INSERT INTO BOOK_CATEGORY (BOOK_CATEGORY_ID, BOOK_ID, CATEGORY_ID) VALUES (1112, 122, 1);
INSERT INTO BOOK_CATEGORY (BOOK_CATEGORY_ID, BOOK_ID, CATEGORY_ID) VALUES (1113, 123, 1);
INSERT INTO BOOK_CATEGORY (BOOK_CATEGORY_ID, BOOK_ID, CATEGORY_ID) VALUES (1114, 124, 2);
INSERT INTO BOOK_CATEGORY (BOOK_CATEGORY_ID, BOOK_ID, CATEGORY_ID) VALUES (1115, 125, 2);
INSERT INTO BOOK_CATEGORY (BOOK_CATEGORY_ID, BOOK_ID, CATEGORY_ID) VALUES (1116, 126, 1);
INSERT INTO BOOK_CATEGORY (BOOK_CATEGORY_ID, BOOK_ID, CATEGORY_ID) VALUES (1117, 127, 7);
INSERT INTO BOOK_CATEGORY (BOOK_CATEGORY_ID, BOOK_ID, CATEGORY_ID) VALUES (1118, 128, 5);
INSERT INTO BOOK_CATEGORY (BOOK_CATEGORY_ID, BOOK_ID, CATEGORY_ID) VALUES (1119, 129, 2);
INSERT INTO BOOK_CATEGORY (BOOK_CATEGORY_ID, BOOK_ID, CATEGORY_ID) VALUES (1120, 130, 7);
INSERT INTO BOOK_CATEGORY (BOOK_CATEGORY_ID, BOOK_ID, CATEGORY_ID) VALUES (1121, 131, 7);
INSERT INTO BOOK_CATEGORY (BOOK_CATEGORY_ID, BOOK_ID, CATEGORY_ID) VALUES (1122, 132, 7);
INSERT INTO BOOK_CATEGORY (BOOK_CATEGORY_ID, BOOK_ID, CATEGORY_ID) VALUES (1123, 133, 7);
INSERT INTO BOOK_CATEGORY (BOOK_CATEGORY_ID, BOOK_ID, CATEGORY_ID) VALUES (1124, 134, 7);
INSERT INTO BOOK_CATEGORY (BOOK_CATEGORY_ID, BOOK_ID, CATEGORY_ID) VALUES (1125, 135, 4);
INSERT INTO BOOK_CATEGORY (BOOK_CATEGORY_ID, BOOK_ID, CATEGORY_ID) VALUES (1126, 136, 4);
INSERT INTO BOOK_CATEGORY (BOOK_CATEGORY_ID, BOOK_ID, CATEGORY_ID) VALUES (1127, 137, 4);
INSERT INTO BOOK_CATEGORY (BOOK_CATEGORY_ID, BOOK_ID, CATEGORY_ID) VALUES (1128, 138, 2);
INSERT INTO BOOK_CATEGORY (BOOK_CATEGORY_ID, BOOK_ID, CATEGORY_ID) VALUES (1129, 139, 1);
INSERT INTO BOOK_CATEGORY (BOOK_CATEGORY_ID, BOOK_ID, CATEGORY_ID) VALUES (1130, 140, 1);
INSERT INTO BOOK_CATEGORY (BOOK_CATEGORY_ID, BOOK_ID, CATEGORY_ID) VALUES (1131, 141, 1);
INSERT INTO BOOK_CATEGORY (BOOK_CATEGORY_ID, BOOK_ID, CATEGORY_ID) VALUES (1132, 142, 1);
INSERT INTO BOOK_CATEGORY (BOOK_CATEGORY_ID, BOOK_ID, CATEGORY_ID) VALUES (1133, 143, 1);
INSERT INTO BOOK_CATEGORY (BOOK_CATEGORY_ID, BOOK_ID, CATEGORY_ID) VALUES (1134, 144, 1);
INSERT INTO BOOK_CATEGORY (BOOK_CATEGORY_ID, BOOK_ID, CATEGORY_ID) VALUES (1135, 145, 1);
INSERT INTO BOOK_CATEGORY (BOOK_CATEGORY_ID, BOOK_ID, CATEGORY_ID) VALUES (1136, 146, 1);
INSERT INTO BOOK_CATEGORY (BOOK_CATEGORY_ID, BOOK_ID, CATEGORY_ID) VALUES (1137, 147, 1);
INSERT INTO BOOK_CATEGORY (BOOK_CATEGORY_ID, BOOK_ID, CATEGORY_ID) VALUES (1138, 148, 4);
INSERT INTO BOOK_CATEGORY (BOOK_CATEGORY_ID, BOOK_ID, CATEGORY_ID) VALUES (1139, 149, 4);
INSERT INTO BOOK_CATEGORY (BOOK_CATEGORY_ID, BOOK_ID, CATEGORY_ID) VALUES (1140, 150, 1);
INSERT INTO BOOK_CATEGORY (BOOK_CATEGORY_ID, BOOK_ID, CATEGORY_ID) VALUES (1141, 151, 1);
INSERT INTO BOOK_CATEGORY (BOOK_CATEGORY_ID, BOOK_ID, CATEGORY_ID) VALUES (1142, 152, 1);
INSERT INTO BOOK_CATEGORY (BOOK_CATEGORY_ID, BOOK_ID, CATEGORY_ID) VALUES (1143, 153, 2);
INSERT INTO BOOK_CATEGORY (BOOK_CATEGORY_ID, BOOK_ID, CATEGORY_ID) VALUES (1144, 154, 4);
INSERT INTO BOOK_CATEGORY (BOOK_CATEGORY_ID, BOOK_ID, CATEGORY_ID) VALUES (1145, 155, 1);
INSERT INTO BOOK_CATEGORY (BOOK_CATEGORY_ID, BOOK_ID, CATEGORY_ID) VALUES (1146, 156, 1);
INSERT INTO BOOK_CATEGORY (BOOK_CATEGORY_ID, BOOK_ID, CATEGORY_ID) VALUES (1147, 157, 1);
INSERT INTO BOOK_CATEGORY (BOOK_CATEGORY_ID, BOOK_ID, CATEGORY_ID) VALUES (1148, 158, 1);
INSERT INTO BOOK_CATEGORY (BOOK_CATEGORY_ID, BOOK_ID, CATEGORY_ID) VALUES (1149, 159, 7);
INSERT INTO BOOK_CATEGORY (BOOK_CATEGORY_ID, BOOK_ID, CATEGORY_ID) VALUES (1150, 160, 7);
INSERT INTO BOOK_CATEGORY (BOOK_CATEGORY_ID, BOOK_ID, CATEGORY_ID) VALUES (1151, 161, 7);
INSERT INTO BOOK_CATEGORY (BOOK_CATEGORY_ID, BOOK_ID, CATEGORY_ID) VALUES (1152, 162, 2);
INSERT INTO BOOK_CATEGORY (BOOK_CATEGORY_ID, BOOK_ID, CATEGORY_ID) VALUES (1153, 163, 7);
INSERT INTO BOOK_CATEGORY (BOOK_CATEGORY_ID, BOOK_ID, CATEGORY_ID) VALUES (1154, 164, 7);
INSERT INTO BOOK_CATEGORY (BOOK_CATEGORY_ID, BOOK_ID, CATEGORY_ID) VALUES (1155, 165, 7);
INSERT INTO BOOK_CATEGORY (BOOK_CATEGORY_ID, BOOK_ID, CATEGORY_ID) VALUES (1156, 166, 7);
INSERT INTO BOOK_CATEGORY (BOOK_CATEGORY_ID, BOOK_ID, CATEGORY_ID) VALUES (1157, 167, 7);
INSERT INTO BOOK_CATEGORY (BOOK_CATEGORY_ID, BOOK_ID, CATEGORY_ID) VALUES (1158, 168, 4);
INSERT INTO BOOK_CATEGORY (BOOK_CATEGORY_ID, BOOK_ID, CATEGORY_ID) VALUES (1159, 169, 4);
INSERT INTO BOOK_CATEGORY (BOOK_CATEGORY_ID, BOOK_ID, CATEGORY_ID) VALUES (1160, 170, 1);
INSERT INTO BOOK_CATEGORY (BOOK_CATEGORY_ID, BOOK_ID, CATEGORY_ID) VALUES (1161, 171, 1);
INSERT INTO BOOK_CATEGORY (BOOK_CATEGORY_ID, BOOK_ID, CATEGORY_ID) VALUES (1162, 172, 1);
INSERT INTO BOOK_CATEGORY (BOOK_CATEGORY_ID, BOOK_ID, CATEGORY_ID) VALUES (1163, 173, 1);
INSERT INTO BOOK_CATEGORY (BOOK_CATEGORY_ID, BOOK_ID, CATEGORY_ID) VALUES (1164, 174, 1);
INSERT INTO BOOK_CATEGORY (BOOK_CATEGORY_ID, BOOK_ID, CATEGORY_ID) VALUES (1165, 175, 1);
INSERT INTO BOOK_CATEGORY (BOOK_CATEGORY_ID, BOOK_ID, CATEGORY_ID) VALUES (1166, 176, 1);
INSERT INTO BOOK_CATEGORY (BOOK_CATEGORY_ID, BOOK_ID, CATEGORY_ID) VALUES (1167, 177, 1);
INSERT INTO BOOK_CATEGORY (BOOK_CATEGORY_ID, BOOK_ID, CATEGORY_ID) VALUES (1168, 178, 2);
INSERT INTO BOOK_CATEGORY (BOOK_CATEGORY_ID, BOOK_ID, CATEGORY_ID) VALUES (1169, 179, 2);
INSERT INTO BOOK_CATEGORY (BOOK_CATEGORY_ID, BOOK_ID, CATEGORY_ID) VALUES (1170, 180, 1);
INSERT INTO BOOK_CATEGORY (BOOK_CATEGORY_ID, BOOK_ID, CATEGORY_ID) VALUES (1171, 181, 7);
INSERT INTO BOOK_CATEGORY (BOOK_CATEGORY_ID, BOOK_ID, CATEGORY_ID) VALUES (1172, 182, 7);
INSERT INTO BOOK_CATEGORY (BOOK_CATEGORY_ID, BOOK_ID, CATEGORY_ID) VALUES (1173, 183, 7);
INSERT INTO BOOK_CATEGORY (BOOK_CATEGORY_ID, BOOK_ID, CATEGORY_ID) VALUES (1174, 184, 7);
INSERT INTO BOOK_CATEGORY (BOOK_CATEGORY_ID, BOOK_ID, CATEGORY_ID) VALUES (1175, 185, 7);
INSERT INTO BOOK_CATEGORY (BOOK_CATEGORY_ID, BOOK_ID, CATEGORY_ID) VALUES (1176, 186, 7);
INSERT INTO BOOK_CATEGORY (BOOK_CATEGORY_ID, BOOK_ID, CATEGORY_ID) VALUES (1177, 187, 1);
INSERT INTO BOOK_CATEGORY (BOOK_CATEGORY_ID, BOOK_ID, CATEGORY_ID) VALUES (1178, 188, 1);
INSERT INTO BOOK_CATEGORY (BOOK_CATEGORY_ID, BOOK_ID, CATEGORY_ID) VALUES (1179, 189, 1);
INSERT INTO BOOK_CATEGORY (BOOK_CATEGORY_ID, BOOK_ID, CATEGORY_ID) VALUES (1180, 190, 1);
INSERT INTO BOOK_CATEGORY (BOOK_CATEGORY_ID, BOOK_ID, CATEGORY_ID) VALUES (1181, 191, 1);
INSERT INTO BOOK_CATEGORY (BOOK_CATEGORY_ID, BOOK_ID, CATEGORY_ID) VALUES (1182, 192, 1);
INSERT INTO BOOK_CATEGORY (BOOK_CATEGORY_ID, BOOK_ID, CATEGORY_ID) VALUES (1183, 193, 1);
INSERT INTO BOOK_CATEGORY (BOOK_CATEGORY_ID, BOOK_ID, CATEGORY_ID) VALUES (1184, 194, 1);
INSERT INTO BOOK_CATEGORY (BOOK_CATEGORY_ID, BOOK_ID, CATEGORY_ID) VALUES (1185, 195, 1);
INSERT INTO BOOK_CATEGORY (BOOK_CATEGORY_ID, BOOK_ID, CATEGORY_ID) VALUES (1186, 196, 1);
INSERT INTO BOOK_CATEGORY (BOOK_CATEGORY_ID, BOOK_ID, CATEGORY_ID) VALUES (1187, 197, 7);
INSERT INTO BOOK_CATEGORY (BOOK_CATEGORY_ID, BOOK_ID, CATEGORY_ID) VALUES (1188, 198, 7);
INSERT INTO BOOK_CATEGORY (BOOK_CATEGORY_ID, BOOK_ID, CATEGORY_ID) VALUES (1189, 199, 7);
INSERT INTO BOOK_CATEGORY (BOOK_CATEGORY_ID, BOOK_ID, CATEGORY_ID) VALUES (1190, 200, 1);
INSERT INTO BOOK_CATEGORY (BOOK_CATEGORY_ID, BOOK_ID, CATEGORY_ID) VALUES (1191, 201, 1);
INSERT INTO BOOK_CATEGORY (BOOK_CATEGORY_ID, BOOK_ID, CATEGORY_ID) VALUES (1192, 202, 1);
INSERT INTO BOOK_CATEGORY (BOOK_CATEGORY_ID, BOOK_ID, CATEGORY_ID) VALUES (1193, 203, 1);
INSERT INTO BOOK_CATEGORY (BOOK_CATEGORY_ID, BOOK_ID, CATEGORY_ID) VALUES (1194, 204, 1);
INSERT INTO BOOK_CATEGORY (BOOK_CATEGORY_ID, BOOK_ID, CATEGORY_ID) VALUES (1195, 205, 1);
INSERT INTO BOOK_CATEGORY (BOOK_CATEGORY_ID, BOOK_ID, CATEGORY_ID) VALUES (1196, 206, 7);
INSERT INTO BOOK_CATEGORY (BOOK_CATEGORY_ID, BOOK_ID, CATEGORY_ID) VALUES (1197, 207, 7);
INSERT INTO BOOK_CATEGORY (BOOK_CATEGORY_ID, BOOK_ID, CATEGORY_ID) VALUES (1198, 208, 7);
INSERT INTO BOOK_CATEGORY (BOOK_CATEGORY_ID, BOOK_ID, CATEGORY_ID) VALUES (1199, 209, 7);
INSERT INTO BOOK_CATEGORY (BOOK_CATEGORY_ID, BOOK_ID, CATEGORY_ID) VALUES (1200, 210, 7);

COMMIT;
